1,Aankh Marey,Bollywood,Pop,192,"Neha Kakkar, Mika Singh",Simmba
2,Galliyan,Bollywood,Indie Rock,310,Ankit Tiwari,Ek Villain
3,Desi Girl,Bollywood,Dance Pop,313,Vishal & Shekhar,Dostana
4,Tujhe Dekha To,Bollywood,Classic Rock,309,"Lata Mangeshkar, Kumar Sanu",Dilwale Dulhania Le Jayenge
5,Chaiyya Chaiyya,Bollywood,Folk Rock,381,A.R. Rahman,Dil Se..
6,Tum Jo Aaye,Bollywood,Alternative Rock,330,Rahat Fateh Ali Khan,Once Upon A Time In Mumbaai
7,Ghar More Pardesiya,Bollywood,Funk,372,"Shreya Ghoshal, Vaishali Mhade",Kalank
8,Zara Zara,Bollywood,Soul,312,Bombay Jayashri,Rehnaa Hai Terre Dil Mein
9,Tere Bina,Bollywood,R&B,271,A.R. Rahman,Guru
10,Tum Mile,Bollywood,Reggae Fusion,337,Neeraj Shridhar,Tum Mile
11,Kal Ho Naa Ho,Bollywood,Disco,328,Shankar-Ehsaan-Loy,Kal Ho Naa Ho
12,Senorita,Bollywood,Synthpop,286,Shankar-Ehsaan-Loy,Zindagi Na Milegi Dobara
13,Balam Pichkari,Bollywood,Electropop,260,"Vishal Dadlani, Shalmali Kholgade",Yeh Jawaani Hai Deewani
14,Tum Se Hi,Bollywood,Bubblegum Pop,324,Mohit Chauhan,Jab We Met
15,Gerua,Bollywood,Power Pop,329,Arijit Singh,Dilwale
16,Tum Hi Ho,Bollywood,J-pop,266,Arijit Singh,Aashiqui 2
17,Jeene Laga Hoon,Bollywood,K-pop,234,"Atif Aslam, Shreya Ghoshal",Ramaiya Vastavaiya
18,Badtameez Dil,Bollywood,Rap,274,"Benny Dayal, Shefali Alvares",Yeh Jawaani Hai Deewani
19,Iktara,Bollywood,Trap,260,"Kavita Seth, Amitabh Bhattacharya",Wake Up Sid
20,Phir Bhi Tumko Chaahunga,Bollywood,Boom Bap,325,"Arijit Singh, Shashaa Tirupati",Half Girlfriend
21,Kabira,Bollywood,East Coast Hip Hop,243,"Tochi Raina, Rekha Bhardwaj",Yeh Jawaani Hai Deewani
22,Dil Diyan Gallan,Bollywood,West Coast Hip Hop,273,Atif Aslam,Tiger Zinda Hai
23,Hasi Ban Gaye,Bollywood,Gangsta Rap,258,Ami Mishra,Hamari Adhuri Kahani
24,Tum Hi Ho Bandhu,Bollywood,Conscious Rap,290,"Neeraj Shridhar, Kavita Seth",Cocktail
25,Radha,Bollywood,Southern Hip Hop,273,"Shreya Ghoshal, Udit Narayan",Student of the Year
26,Bulleya,Bollywood,Jazz Rap,322,"Amit Mishra, Shilpa Rao",Ae Dil Hai Mushkil
27,Dilbaro,Bollywood,Alternative Hip Hop,289,"Harshdeep Kaur, Vibha Saraf, Shankar Mahadevan",Raazi
28,Manwa Laage,Bollywood,Reggaeton,290,"Shreya Ghoshal, Arijit Singh",Happy New Year
29,Tera Ban Jaunga,Bollywood,Latin Jazz,227,"Akhil Sachdeva, Tulsi Kumar",Kabir Singh
30,Mere Haath Mein,Bollywood,Smooth Jazz,280,"Sonu Nigam, Sunidhi Chauhan",Fanaa
31,Zaalima,Bollywood,Swing,349,"Arijit Singh, Harshdeep Kaur",Raees
32,Maahi Ve,Bollywood,Bebop,348,Sadhana Sargam,Kaante
33,Laal Ishq,Bollywood,Cool Jazz,383,Arijit Singh,Goliyon Ki Raasleela Ram-Leela
34,Tu Meri,Bollywood,Free Jazz,229,Vishal Dadlani,Bang Bang!
35,Jee Karda,Bollywood,Fusion,249,Divya Kumar,Badlapur
36,Tera Hone Laga Hoon,Bollywood,Latin,296,"Atif Aslam, Alisha Chinai",Ajab Prem Ki Ghazab Kahani
37,Tum Se Hi,Bollywood,R&B,323,Mohit Chauhan,Jab We Met
38,Pani Da Rang,Bollywood,R&B,220,Ayushmann Khurrana,Vicky Donor
39,Pee Loon,Bollywood,R&B,314,Mohit Chauhan,Once Upon A Time In Mumbaai
40,Humnava,Bollywood,R&B,357,Papon,Hamari Adhuri Kahani
41,Teri Meri,Bollywood,R&B,320,"Rahat Fateh Ali Khan, Shreya Ghoshal",Bodyguard
42,Kaise Mujhe/Tum Ho,Bollywood,R&B,552,"Benny Dayal, Shreya Ghoshal, A.R. Rahman",Ghajini
43,Mere Rashke Qamar,Bollywood,R&B,234,"Nusrat Fateh Ali Khan, Rahat Fateh Ali Khan",Baadshaho
44,Muskurane,Bollywood,R&B,331,Arijit Singh,CityLights
45,Sunn Raha Hai,Bollywood,R&B,410,Ankit Tiwari,Aashiqui 2
46,Pal Pal Dil Ke Paas,Bollywood,R&B,268,Arijit Singh,Pal Pal Dil Ke Paas
47,Tera Fitoor,Bollywood,R&B,314,Arijit Singh,Genius
48,Soch Na Sake,Bollywood,R&B,285,"Arijit Singh, Tulsi Kumar",Airlift
49,Janam Janam,Bollywood,R&B,247,"Arijit Singh, Antara Mitra",Dilwale
50,Raabta,Bollywood,R&B,308,"Arijit Singh, Hamsika Iyer",Agent Vinod
51,Tere Sang Yaara,Bollywood,R&B,260,Atif Aslam,Rustom
52,Sanam Re,Bollywood,R&B,291,Arijit Singh,Sanam Re
53,Tum Hi Ho,Bollywood,R&B,267,Arijit Singh,Aashiqui 2
54,Kabhi Jo Baadal Barse,Bollywood,R&B,251,Arijit Singh,Jackpot
55,Ae Dil Hai Mushkil,Bollywood,R&B,311,Arijit Singh,Ae Dil Hai Mushkil
56,Tum Hi Ho,Bollywood,R&B,320,Arijit Singh,Aashiqui 2
57,Raabta,Bollywood,R&B,290,Arijit Singh,Agent Vinod
58,Galliyan,Bollywood,Indie Rock,310,Ankit Tiwari,Ek Villain
59,Jeene Laga Hoon,Bollywood,K-pop,234,"Atif Aslam, Shreya Ghoshal",Ramaiya Vastavaiya
60,Laal Ishq,Bollywood,Cool Jazz,383,Arijit Singh,Goliyon Ki Raasleela Ram-Leela
61,Tum Se Hi,Bollywood,Bubblegum Pop,324,Mohit Chauhan,Jab We Met
62,Senorita,Bollywood,Synthpop,286,Shankar-Ehsaan-Loy,Zindagi Na Milegi Dobara
63,Dilbaro,Bollywood,Alternative Hip Hop,289,"Harshdeep Kaur, Vibha Saraf, Shankar Mahadevan",Raazi
64,Bulleya,Bollywood,Jazz Rap,322,"Amit Mishra, Shilpa Rao",Ae Dil Hai Mushkil
65,Ghar More Pardesiya,Bollywood,Funk,372,"Shreya Ghoshal, Vaishali Mhade",Kalank
66,Tere Bina,Bollywood,R&B,271,A.R. Rahman,Guru
67,Tum Mile,Bollywood,Reggae Fusion,337,Neeraj Shridhar,Tum Mile
68,Humnava,Bollywood,R&B,357,Papon,Hamari Adhuri Kahani
69,Pani Da Rang,Bollywood,R&B,220,Ayushmann Khurrana,Vicky Donor
70,Pee Loon,Bollywood,R&B,314,Mohit Chauhan,Once Upon A Time In Mumbaai
71,Tera Ban Jaunga,Bollywood,Latin Jazz,227,"Akhil Sachdeva, Tulsi Kumar",Kabir Singh
72,Maahi Ve,Bollywood,Bebop,348,Sadhana Sargam,Kaante
73,Tera Hone Laga Hoon,Bollywood,Latin,296,"Atif Aslam, Alisha Chinai",Ajab Prem Ki Ghazab Kahani
74,Zara Zara,Bollywood,Soul,312,Bombay Jayashri,Rehnaa Hai Terre Dil Mein
75,Tum Hi Ho Bandhu,Bollywood,Conscious Rap,290,"Neeraj Shridhar, Kavita Seth",Cocktail
76,Radha,Bollywood,Southern Hip Hop,273,"Shreya Ghoshal, Udit Narayan",Student of the Year
77,Manwa Laage,Bollywood,Reggaeton,290,"Shreya Ghoshal, Arijit Singh",Happy New Year
78,Tum Se Hi,Bollywood,R&B,323,Mohit Chauhan,Jab We Met
79,Hasi Ban Gaye,Bollywood,Gangsta Rap,258,Ami Mishra,Hamari Adhuri Kahani
80,Dil Diyan Gallan,Bollywood,West Coast Hip Hop,273,Atif Aslam,Tiger Zinda Hai
81,Jeene Laga Hoon,Bollywood,K-pop,234,"Atif Aslam, Shreya Ghoshal",Ramaiya Vastavaiya
82,Desi Girl,Bollywood,Dance Pop,313,Vishal & Shekhar,Dostana
83,Senorita,Bollywood,Synthpop,286,Shankar-Ehsaan-Loy,Zindagi Na Milegi Dobara
84,Bulleya,Bollywood,Jazz Rap,322,"Amit Mishra, Shilpa Rao",Ae Dil Hai Mushkil
85,Tere Bina,Bollywood,R&B,271,A.R. Rahman,Guru
86,Tum Mile,Bollywood,Reggae Fusion,337,Neeraj Shridhar,Tum Mile
87,Humnava,Bollywood,R&B,357,Papon,Hamari Adhuri Kahani
88,Pani Da Rang,Bollywood,R&B,220,Ayushmann Khurrana,Vicky Donor
89,Pee Loon,Bollywood,R&B,314,Mohit Chauhan,Once Upon A Time In Mumbaai
90,Tera Ban Jaunga,Bollywood,Latin Jazz,227,"Akhil Sachdeva, Tulsi Kumar",Kabir Singh
91,Maahi Ve,Bollywood,Bebop,348,Sadhana Sargam,Kaante
92,Tera Hone Laga Hoon,Bollywood,Latin,296,"Atif Aslam, Alisha Chinai",Ajab Prem Ki Ghazab Kahani
93,Zara Zara,Bollywood,Soul,312,Bombay Jayashri,Rehnaa Hai Terre Dil Mein
94,Tum Hi Ho Bandhu,Bollywood,Conscious Rap,290,"Neeraj Shridhar, Kavita Seth",Cocktail
95,Radha,Bollywood,Southern Hip Hop,273,"Shreya Ghoshal, Udit Narayan",Student of the Year
96,Manwa Laage,Bollywood,Reggaeton,290,"Shreya Ghoshal, Arijit Singh",Happy New Year
97,Tum Se Hi,Bollywood,R&B,323,Mohit Chauhan,Jab We Met
98,Hasi Ban Gaye,Bollywood,Gangsta Rap,258,Ami Mishra,Hamari Adhuri Kahani
99,Dil Diyan Gallan,Bollywood,West Coast Hip Hop,273,Atif Aslam,Tiger Zinda Hai
100,Jeene Laga Hoon,Bollywood,K-pop,234,"Atif Aslam, Shreya Ghoshal",Ramaiya Vastavaiya
101,Tera Ghata,Bollywood,Pop Rock,219,Gajendra Verma,From Lost to Found
102,Afreen Afreen,Bollywood,Folk,390,"Rahat Fateh Ali Khan, Momina Mustehsan",Coke Studio Season 9: Episode 2
103,Mann Ki Dori,Bollywood,Indie Pop,215,Arko Pravo Mukherjee,The Wedding Pullav
104,Ghar More Pardesiya,Bollywood,Classical,372,"Shreya Ghoshal, Vaishali Mhade",Kalank
105,Muskurane,Bollywood,Fusion,331,Arijit Singh,CityLights
106,Mere Rashke Qamar,Bollywood,Qawwali,234,"Nusrat Fateh Ali Khan, Rahat Fateh Ali Khan",Baadshaho
107,Tum Jo Aaye,Bollywood,Sufi,330,Rahat Fateh Ali Khan,Once Upon A Time In Mumbaai
108,Ae Dil Hai Mushkil,Bollywood,Ghazal,311,Arijit Singh,Ae Dil Hai Mushkil
109,Binte Dil,Bollywood,Classical,240,Arijit Singh,Padmaavat
110,O Sathi,Bollywood,Folk,224,Atif Aslam,Baaghi 2
111,Naina Da Kya Kasoor,Bollywood,Soul,223,Amit Trivedi,AndhaDhun
112,Bolna,Bollywood,Folk,221,"Arijit Singh, Asees Kaur",Kapoor & Sons
113,Lae Dooba,Bollywood,Indie Pop,266,Sunidhi Chauhan,Aiyaary
114,Tera Ban Jaunga,Bollywood,Romantic,227,"Akhil Sachdeva, Tulsi Kumar",Kabir Singh
115,Hasi,Bollywood,Soul,303,Ami Mishra,Hamari Adhuri Kahani
116,Kyun Rabba,Bollywood,Folk,251,Armaan Malik,Badla
117,Bavra Mann,Bollywood,Indie Pop,222,Jubin Nautiyal,Haseena Parkar
118,Galliyan,Bollywood,Pop Rock,310,Ankit Tiwari,Ek Villain
119,Tum Hi Ho,Bollywood,R&B,320,Arijit Singh,Aashiqui 2
120,Laal Ishq,Bollywood,Sufi,383,Arijit Singh,Goliyon Ki Raasleela Ram-Leela
121,Tum Se Hi,Bollywood,Indie Pop,324,Mohit Chauhan,Jab We Met
122,Agar Tum Saath Ho,Bollywood,Soul,332,"Arijit Singh, Alka Yagnik",Tamasha
123,Khairiyat,Bollywood,Pop,261,Arijit Singh,Chhichhore
124,Nazm Nazm,Bollywood,Indie Pop,212,Arko,Bareilly Ki Barfi
125,Channa Mereya,Bollywood,Folk,282,Arijit Singh,Ae Dil Hai Mushkil
126,Gerua,Bollywood,Fusion,329,Arijit Singh,Dilwale
127,Kaun Tujhe,Bollywood,Indie Pop,237,Palak Muchhal,M.S. Dhoni: The Untold Story
128,Zaalima,Bollywood,Folk,349,"Arijit Singh, Harshdeep Kaur",Raees
129,Ae Watan,Bollywood,Patriotic,281,Arijit Singh,Raazi
130,Tere Sang Yaara,Bollywood,Indie Pop,260,Atif Aslam,Rustom
131,Sun Saathiya,Bollywood,Indie Pop,207,"Divya Kumar, Priya Saraiya",ABCD 2
132,Janam Janam,Bollywood,Fusion,247,"Arijit Singh, Antara Mitra",Dilwale
133,Enna Sona,Bollywood,Folk,197,Arijit Singh,OK Jaanu
134,Bol Do Na Zara,Bollywood,Indie Pop,247,Armaan Malik,Azhar
135,Maiyya Yashoda,Bollywood,Indie Pop,356,"Alka Yagnik, Anuradha Paudwal",Hum Saath-Saath Hain
136,Dil Diyan Gallan,Bollywood,Folk,273,Atif Aslam,Tiger Zinda Hai
137,Namo Namo,Bollywood,Devotional,296,Amit Trivedi,Kedarnath
138,Qaafirana,Bollywood,Folk,345,"Arijit Singh, Nikhita Gandhi",Kedarnath
139,Daryaa,Bollywood,Folk,289,"Ammy Virk, Shahid Mallya",Manmarziyaan
140,Ae Watan (Male),Bollywood,Patriotic,275,Arijit Singh,Raazi
141,Dilbaro,Bollywood,Folk,317,"Harshdeep Kaur, Vibha Saraf, Shankar Mahadevan",Raazi
142,Jashn-e-Ishqa,Bollywood,Folk,314,"Javed Ali, Shadab Faridi",Gunday
143,Mast Magan,Bollywood,Folk,280,"Arijit Singh, Chinmayi Sripada",2 States
144,Zehnaseeb,Bollywood,Indie Pop,204,"Chinmayi Sripada, Shekhar Ravjiani",Hasee Toh Phasee
145,Mere Haath Mein,Bollywood,Romantic,287,"Sonu Nigam, Sunidhi Chauhan, Aamir Khan, Kajol",Fanaa
146,Safarnama,Bollywood,Indie Pop,313,Lucky Ali,Tamasha
147,Heer,Bollywood,Folk,289,Harshdeep Kaur,Jab Tak Hai Jaan
148,Saibo,Bollywood,Folk,296,"Shreya Ghoshal, Tochi Raina",Shor in the City
149,Gallan Goodiyaan,Bollywood,Indie Pop,253,"Yashita Sharma, Manish Kumar Tipu, Farhan Akhtar, Shankar Mahadevan, Sukhwinder Singh",Dil Dhadakne Do
150,Manmarziyaan,Bollywood,Indie Pop,245,"Shellee, Amit Trivedi, Babu Haabi",Manmarziyaan
151,Fitoor,Bollywood,Folk,259,Arijit Singh,Fitoor
152,Galliyan (Unplugged),Bollywood,Folk,323,Shraddha Kapoor,Ek Villain
153,Ambarsariya,Bollywood,Folk,185,Sona Mohapatra,Fukrey
154,Tum Mile,Bollywood,Indie Pop,337,Neeraj Shridhar,Tum Mile
155,Do Dhaari Talwaar,Bollywood,Folk,245,"Vishal Dadlani, Shreya Ghoshal",Mere Brother Ki Dulhan
156,Sun Saathiya,Bollywood,Indie Pop,207,"Divya Kumar, Priya Saraiya",ABCD 2
157,Suno Na Sangemarmar,Bollywood,Indie Pop,232,Arijit Singh,Youngistaan
158,Iktara,Bollywood,Indie Pop,288,"Kavita Seth, Amitabh Bhattacharya",Wake Up Sid
159,Bulleya,Bollywood,Sufi,316,"Amit Mishra, Shilpa Rao",Ae Dil Hai Mushkil
160,Ae Dil Hai Mushkil,Bollywood,Ghazal,311,Arijit Singh,Ae Dil Hai Mushkil
161,Nainowale Ne,Bollywood,Folk,230,Neeti Mohan,Padmaavat
162,Samjhawan,Bollywood,Indie Pop,262,"Arijit Singh, Shreya Ghoshal",Humpty Sharma Ki Dulhania
163,Tera Ban Jaunga,Bollywood,Romantic,227,"Akhil Sachdeva, Tulsi Kumar",Kabir Singh
164,Hasi,Bollywood,Soul,303,Ami Mishra,Hamari Adhuri Kahani
165,Kyun Rabba,Bollywood,Folk,251,Armaan Malik,Badla
166,Bavra Mann,Bollywood,Indie Pop,222,Jubin Nautiyal,Haseena Parkar
167,Galliyan,Bollywood,Pop Rock,310,Ankit Tiwari,Ek Villain
168,Tum Hi Ho,Bollywood,R&B,320,Arijit Singh,Aashiqui 2
169,Laal Ishq,Bollywood,Sufi,383,Arijit Singh,Goliyon Ki Raasleela Ram-Leela
170,Tum Se Hi,Bollywood,Indie Pop,324,Mohit Chauhan,Jab We Met
171,Agar Tum Saath Ho,Bollywood,Soul,332,"Arijit Singh, Alka Yagnik",Tamasha
172,Khairiyat,Bollywood,Pop,261,Arijit Singh,Chhichhore
173,Nazm Nazm,Bollywood,Indie Pop,212,Arko,Bareilly Ki Barfi
174,Channa Mereya,Bollywood,Folk,282,Arijit Singh,Ae Dil Hai Mushkil
175,Gerua,Bollywood,Fusion,329,Arijit Singh,Dilwale
176,Kaun Tujhe,Bollywood,Indie Pop,237,Palak Muchhal,M.S. Dhoni: The Untold Story
177,Zaalima,Bollywood,Folk,349,"Arijit Singh, Harshdeep Kaur",Raees
178,Ae Watan,Bollywood,Patriotic,281,Arijit Singh,Raazi
179,Tere Sang Yaara,Bollywood,Indie Pop,260,Atif Aslam,Rustom
180,Sun Saathiya,Bollywood,Indie Pop,207,"Divya Kumar, Priya Saraiya",ABCD 2
181,Janam Janam,Bollywood,Fusion,247,"Arijit Singh, Antara Mitra",Dilwale
182,Enna Sona,Bollywood,Folk,197,Arijit Singh,OK Jaanu
183,Bol Do Na Zara,Bollywood,Indie Pop,247,Armaan Malik,Azhar
184,Maiyya Yashoda,Bollywood,Indie Pop,356,"Alka Yagnik, Anuradha Paudwal",Hum Saath-Saath Hain
185,Dil Diyan Gallan,Bollywood,Folk,273,Atif Aslam,Tiger Zinda Hai
186,Namo Namo,Bollywood,Devotional,296,Amit Trivedi,Kedarnath
187,Qaafirana,Bollywood,Folk,345,"Arijit Singh, Nikhita Gandhi",Kedarnath
188,Daryaa,Bollywood,Folk,289,"Ammy Virk, Shahid Mallya",Manmarziyaan
189,Ae Watan (Male),Bollywood,Patriotic,275,Arijit Singh,Raazi
190,Dilbaro,Bollywood,Folk,317,"Harshdeep Kaur, Vibha Saraf, Shankar Mahadevan",Raazi
191,Jashn-e-Ishqa,Bollywood,Folk,314,"Javed Ali, Shadab Faridi",Gunday
192,Mast Magan,Bollywood,Folk,280,"Arijit Singh, Chinmayi Sripada",2 States
193,Zehnaseeb,Bollywood,Indie Pop,204,"Chinmayi Sripada, Shekhar Ravjiani",Hasee Toh Phasee
194,Mere Haath Mein,Bollywood,Romantic,287,"Sonu Nigam, Sunidhi Chauhan, Aamir Khan, Kajol",Fanaa
195,Safarnama,Bollywood,Indie Pop,313,Lucky Ali,Tamasha
196,Heer,Bollywood,Folk,289,Harshdeep Kaur,Jab Tak Hai Jaan
197,Saibo,Bollywood,Folk,296,"Shreya Ghoshal, Tochi Raina",Shor in the City
198,Gallan Goodiyaan,Bollywood,Indie Pop,253,"Yashita Sharma, Manish Kumar Tipu, Farhan Akhtar, Shankar Mahadevan, Sukhwinder Singh",Dil Dhadakne Do
199,Manmarziyaan,Bollywood,Indie Pop,245,"Shellee, Amit Trivedi, Babu Haabi",Manmarziyaan
200,Fitoor,Bollywood,Folk,259,Arijit Singh,Fitoor
201,Galliyan (Unplugged),Bollywood,Folk,323,Shraddha Kapoor,Ek Villain
202,Ambarsariya,Bollywood,Folk,185,Sona Mohapatra,Fukrey
203,Tum Mile,Bollywood,Indie Pop,337,Neeraj Shridhar,Tum Mile
204,Do Dhaari Talwaar,Bollywood,Folk,245,"Vishal Dadlani, Shreya Ghoshal",Mere Brother Ki Dulhan
205,Suno Na Sangemarmar,Bollywood,Indie Pop,232,Arijit Singh,Youngistaan
206,Iktara,Bollywood,Indie Pop,288,"Kavita Seth, Amitabh Bhattacharya",Wake Up Sid
207,Bulleya,Bollywood,Sufi,316,"Amit Mishra, Shilpa Rao",Ae Dil Hai Mushkil
208,Ae Dil Hai Mushkil,Bollywood,Ghazal,311,Arijit Singh,Ae Dil Hai Mushkil
209,Nainowale Ne,Bollywood,Folk,230,Neeti Mohan,Padmaavat
210,Samjhawan,Bollywood,Indie Pop,262,"Arijit Singh, Shreya Ghoshal",Humpty Sharma Ki Dulhania
211,Tera Ban Jaunga,Bollywood,Romantic,227,"Akhil Sachdeva, Tulsi Kumar",Kabir Singh
212,Hasi,Bollywood,Soul,303,Ami Mishra,Hamari Adhuri Kahani
213,Kyun Rabba,Bollywood,Folk,251,Armaan Malik,Badla
214,Bavra Mann,Bollywood,Indie Pop,222,Jubin Nautiyal,Haseena Parkar
215,Galliyan,Bollywood,Pop Rock,310,Ankit Tiwari,Ek Villain
216,Tum Hi Ho,Bollywood,R&B,320,Arijit Singh,Aashiqui 2
217,Laal Ishq,Bollywood,Sufi,383,Arijit Singh,Goliyon Ki Raasleela Ram-Leela
218,Tum Se Hi,Bollywood,Indie Pop,324,Mohit Chauhan,Jab We Met
219,Agar Tum Saath Ho,Bollywood,Soul,332,"Arijit Singh, Alka Yagnik",Tamasha
220,Khairiyat,Bollywood,Pop,261,Arijit Singh,Chhichhore
221,Nazm Nazm,Bollywood,Indie Pop,212,Arko,Bareilly Ki Barfi
222,Channa Mereya,Bollywood,Folk,282,Arijit Singh,Ae Dil Hai Mushkil
223,Gerua,Bollywood,Fusion,329,Arijit Singh,Dilwale
224,Kaun Tujhe,Bollywood,Indie Pop,237,Palak Muchhal,M.S. Dhoni: The Untold Story
225,Zaalima,Bollywood,Folk,349,"Arijit Singh, Harshdeep Kaur",Raees
226,Ae Watan,Bollywood,Patriotic,281,Arijit Singh,Raazi
227,Tere Sang Yaara,Bollywood,Indie Pop,260,Atif Aslam,Rustom
228,Janam Janam,Bollywood,Fusion,247,"Arijit Singh, Antara Mitra",Dilwale
229,Enna Sona,Bollywood,Folk,197,Arijit Singh,OK Jaanu
230,Bol Do Na Zara,Bollywood,Indie Pop,247,Armaan Malik,Azhar
231,Maiyya Yashoda,Bollywood,Indie Pop,356,"Alka Yagnik, Anuradha Paudwal",Hum Saath-Saath Hain
232,Samjhawan,Bollywood,Indie Pop,262,"Arijit Singh, Shreya Ghoshal",Humpty Sharma Ki Dulhania
233,Tera Ban Jaunga,Bollywood,Romantic,227,"Akhil Sachdeva, Tulsi Kumar",Kabir Singh
234,Hasi,Bollywood,Soul,303,Ami Mishra,Hamari Adhuri Kahani
235,Kyun Rabba,Bollywood,Folk,251,Armaan Malik,Badla
236,Bavra Mann,Bollywood,Indie Pop,222,Jubin Nautiyal,Haseena Parkar
237,Galliyan,Bollywood,Pop Rock,310,Ankit Tiwari,Ek Villain
238,Tum Hi Ho,Bollywood,R&B,320,Arijit Singh,Aashiqui 2
239,Laal Ishq,Bollywood,Sufi,383,Arijit Singh,Goliyon Ki Raasleela Ram-Leela
240,Tum Se Hi,Bollywood,Indie Pop,324,Mohit Chauhan,Jab We Met
241,Agar Tum Saath Ho,Bollywood,Soul,332,"Arijit Singh, Alka Yagnik",Tamasha
242,Khairiyat,Bollywood,Pop,261,Arijit Singh,Chhichhore
243,Nazm Nazm,Bollywood,Indie Pop,212,Arko,Bareilly Ki Barfi
244,Channa Mereya,Bollywood,Folk,282,Arijit Singh,Ae Dil Hai Mushkil
245,Gerua,Bollywood,Fusion,329,Arijit Singh,Dilwale
246,Kaun Tujhe,Bollywood,Indie Pop,237,Palak Muchhal,M.S. Dhoni: The Untold Story
247,Zaalima,Bollywood,Folk,349,"Arijit Singh, Harshdeep Kaur",Raees
248,Ae Watan,Bollywood,Patriotic,281,Arijit Singh,Raazi
249,Tere Sang Yaara,Bollywood,Indie Pop,260,Atif Aslam,Rustom
250,Janam Janam,Bollywood,Fusion,247,"Arijit Singh, Antara Mitra",Dilwale
251,Enna Sona,Bollywood,Folk,197,Arijit Singh,OK Jaanu
252,Bol Do Na Zara,Bollywood,Indie Pop,247,Armaan Malik,Azhar
253,Maiyya Yashoda,Bollywood,Indie Pop,356,"Alka Yagnik, Anuradha Paudwal",Hum Saath-Saath Hain
254,Tere Liye,Bollywood,Romantic,344,"Mohit Chauhan, Shreya Ghoshal",Veera Di Wedding
255,Kabhi Jo Badal Barse,Bollywood,Pop,276,Arijit Singh,Jackpot
256,Sapna Jahan,Bollywood,Folk,342,"Sonu Nigam, Neeti Mohan",Brothers
257,Phir Le Aaya Dil,Bollywood,Sufi,375,Arijit Singh,Barfi!
258,Maahi Ve,Bollywood,Sufi,367,Sadha Sargam,Kaante
259,Sunn Raha Hai,Bollywood,Indie Pop,380,Ankit Tiwari,Aashiqui 2
260,Dekha Ek Khwab,Bollywood,Indie Pop,322,Shreya Ghoshal,Silsila
261,Tum Mile,Bollywood,Indie Pop,327,Neeraj Shridhar,Tum Mile
262,Raabta,Bollywood,Folk,322,Arijit Singh,Agent Vinod
263,Dheere Dheere,Bollywood,Pop,340,Yo Yo Honey Singh,Single
264,Bakhuda Tumhi Ho,Bollywood,Indie Pop,297,"Atif Aslam, Alka Yagnik",Kismat Konnection
265,Pee Loon,Bollywood,Indie Pop,304,Mohit Chauhan,Once Upon a Time in Mumbaai
266,Mann Mera,Bollywood,Indie Pop,256,Gajendra Verma,Table No. 21
267,Jeene Laga Hoon,Bollywood,Pop,239,"Atif Aslam, Shreya Ghoshal",Ramaiya Vastavaiya
268,Ranjha,Bollywood,Folk,283,Shilpa Rao,Queen
269,Tu Hai Ki Nahi,Bollywood,Pop,275,Ankit Tiwari,Roy
270,Teri Ore,Bollywood,Romantic,352,"Rahat Fateh Ali Khan, Shreya Ghoshal",Singh Is Kinng
271,O Re Piya,Bollywood,Sufi,357,Rahat Fateh Ali Khan,Aaja Nachle
272,Tujhe Bhula Diya,Bollywood,Pop,410,"Mohit Chauhan, Shekhar Ravjiani",Anjaana Anjaani
273,Teri Meri,Bollywood,Indie Pop,320,"Rahat Fateh Ali Khan, Shreya Ghoshal",Bodyguard
274,Dil Kyun Yeh Mera,Bollywood,Indie Pop,320,KK,Kites
275,Humnava,Bollywood,Folk,339,Papon,Hamari Adhuri Kahani
276,Tera Ban Jaunga,Bollywood,Romantic,227,"Akhil Sachdeva, Tulsi Kumar",Kabir Singh
277,Khaab,Bollywood,Indie Pop,281,Akhil,Single
278,Tera Hone Laga Hoon,Bollywood,Romantic,304,"Atif Aslam, Alisha Chinai",Ajab Prem Ki Ghazab Kahani
279,Hawayein,Bollywood,Romantic,296,Arijit Singh,Jab Harry Met Sejal
280,Iktara,Bollywood,Indie Pop,288,"Kavita Seth, Amitabh Bhattacharya",Wake Up Sid
281,Mere Bina,Bollywood,Indie Pop,378,Nikhil D'Souza,Crook
282,Naino Ne Baandhi,Bollywood,Folk,295,Yasser Desai,Gold
283,Aashiq Banaya Aapne,Bollywood,Pop,336,"Himesh Reshammiya, Shreya Ghoshal",Aashiq Banaya Aapne
284,Chahun Main Ya Na,Bollywood,Pop,312,"Arijit Singh, Palak Muchhal",Aashiqui 2
285,Moh Moh Ke Dhaage,Bollywood,Folk,339,"Papon, Monali Thakur",Dum Laga Ke Haisha
286,Tera Ghata,Bollywood,Indie Pop,259,Gajendra Verma,From Lost To Found
287,Muskurane,Bollywood,Folk,324,Arijit Singh,Citylights
288,Tose Naina,Bollywood,Indie Pop,323,Arijit Singh,Mickey Virus
289,O Saathi,Bollywood,Folk,224,Atif Aslam,Baaghi 2
290,Teri Yaadon Mein,Bollywood,Pop,291,KK,The Killer
291,Nainowale Ne,Bollywood,Folk,230,Neeti Mohan,Padmaavat
292,Kabira,Bollywood,Folk,229,"Arijit Singh, Harshdeep Kaur",Yeh Jawaani Hai Deewani
293,Raabta,Bollywood,Folk,322,Arijit Singh,Agent Vinod
294,Dil Diyan Gallan,Bollywood,Folk,273,Atif Aslam,Tiger Zinda Hai
295,Namo Namo,Bollywood,Devotional,296,Amit Trivedi,Kedarnath
296,Qaafirana,Bollywood,Folk,345,"Arijit Singh, Nikhita Gandhi",Kedarnath
297,Daryaa,Bollywood,Folk,289,"Ammy Virk, Shahid Mallya",Manmarziyaan
298,Ae Watan (Male),Bollywood,Patriotic,275,Arijit Singh,Raazi
299,Samjhawan,Bollywood,Indie Pop,262,"Arijit Singh, Shreya Ghoshal",Humpty Sharma Ki Dulhania
300,Tera Ban Jaunga,Bollywood,Romantic,227,"Akhil Sachdeva, Tulsi Kumar",Kabir Singh
301,Hasi,Bollywood,Soul,303,Ami Mishra,Hamari Adhuri Kahani
302,Kyun Rabba,Bollywood,Folk,251,Armaan Malik,Badla
303,Bavra Mann,Bollywood,Indie Pop,222,Jubin Nautiyal,Haseena Parkar
304,Galliyan,Bollywood,Pop Rock,310,Ankit Tiwari,Ek Villain
305,Tum Hi Ho,Bollywood,R&B,320,Arijit Singh,Aashiqui 2
306,Laal Ishq,Bollywood,Sufi,383,Arijit Singh,Goliyon Ki Raasleela Ram-Leela
307,Tum Se Hi,Bollywood,Indie Pop,324,Mohit Chauhan,Jab We Met
308,Agar Tum Saath Ho,Bollywood,Soul,332,"Arijit Singh, Alka Yagnik",Tamasha
309,Khairiyat,Bollywood,Pop,261,Arijit Singh,Chhichhore
310,Nazm Nazm,Bollywood,Indie Pop,212,Arko,Bareilly Ki Barfi
311,Channa Mereya,Bollywood,Folk,282,Arijit Singh,Ae Dil Hai Mushkil
312,Gerua,Bollywood,Fusion,329,Arijit Singh,Dilwale
313,Kaun Tujhe,Bollywood,Indie Pop,237,Palak Muchhal,M.S. Dhoni: The Untold Story
314,Zaalima,Bollywood,Folk,349,"Arijit Singh, Harshdeep Kaur",Raees
315,Ae Watan,Bollywood,Patriotic,281,Arijit Singh,Raazi
316,Tere Sang Yaara,Bollywood,Indie Pop,260,Atif Aslam,Rustom
317,Janam Janam,Bollywood,Fusion,247,"Arijit Singh, Antara Mitra",Dilwale
318,Enna Sona,Bollywood,Folk,197,Arijit Singh,OK Jaanu
319,Bol Do Na Zara,Bollywood,Indie Pop,247,Armaan Malik,Azhar
320,Maiyya Yashoda,Bollywood,Indie Pop,356,"Alka Yagnik, Anuradha Paudwal",Hum Saath-Saath Hain
321,Tere Liye,Bollywood,Romantic,344,"Mohit Chauhan, Shreya Ghoshal",Veera Di Wedding
322,Kabhi Jo Badal Barse,Bollywood,Pop,276,Arijit Singh,Jackpot
323,Sapna Jahan,Bollywood,Folk,342,"Sonu Nigam, Neeti Mohan",Brothers
324,Phir Le Aaya Dil,Bollywood,Sufi,375,Arijit Singh,Barfi!
325,Maahi Ve,Bollywood,Sufi,367,Sadha Sargam,Kaante
326,Sunn Raha Hai,Bollywood,Indie Pop,380,Ankit Tiwari,Aashiqui 2
327,Dekha Ek Khwab,Bollywood,Indie Pop,322,Shreya Ghoshal,Silsila
328,Tum Mile,Bollywood,Indie Pop,327,Neeraj Shridhar,Tum Mile
329,Raabta,Bollywood,Folk,322,Arijit Singh,Agent Vinod
330,Dheere Dheere,Bollywood,Pop,340,Yo Yo Honey Singh,Single
331,Bakhuda Tumhi Ho,Bollywood,Indie Pop,297,"Atif Aslam, Alka Yagnik",Kismat Konnection
332,Pee Loon,Bollywood,Indie Pop,304,Mohit Chauhan,Once Upon a Time in Mumbaai
333,Mann Mera,Bollywood,Indie Pop,256,Gajendra Verma,Table No. 21
334,Jeene Laga Hoon,Bollywood,Pop,239,"Atif Aslam, Shreya Ghoshal",Ramaiya Vastavaiya
335,Ranjha,Bollywood,Folk,283,Shilpa Rao,Queen
336,Tu Hai Ki Nahi,Bollywood,Pop,275,Ankit Tiwari,Roy
337,Teri Ore,Bollywood,Romantic,352,"Rahat Fateh Ali Khan, Shreya Ghoshal",Singh Is Kinng
338,O Re Piya,Bollywood,Sufi,357,Rahat Fateh Ali Khan,Aaja Nachle
339,Tujhe Bhula Diya,Bollywood,Pop,410,"Mohit Chauhan, Shekhar Ravjiani",Anjaana Anjaani
340,Teri Meri,Bollywood,Indie Pop,320,"Rahat Fateh Ali Khan, Shreya Ghoshal",Bodyguard
341,Dil Kyun Yeh Mera,Bollywood,Indie Pop,320,KK,Kites
342,Humnava,Bollywood,Folk,339,Papon,Hamari Adhuri Kahani
343,Tera Ban Jaunga,Bollywood,Romantic,227,"Akhil Sachdeva, Tulsi Kumar",Kabir Singh
344,Khaab,Bollywood,Indie Pop,281,Akhil,Single
345,Tera Hone Laga Hoon,Bollywood,Romantic,304,"Atif Aslam, Alisha Chinai",Ajab Prem Ki Ghazab Kahani
346,Hawayein,Bollywood,Romantic,296,Arijit Singh,Jab Harry Met Sejal
347,Iktara,Bollywood,Indie Pop,288,"Kavita Seth, Amitabh Bhattacharya",Wake Up Sid
348,Mere Bina,Bollywood,Indie Pop,378,Nikhil D'Souza,Crook
349,Naino Ne Baandhi,Bollywood,Folk,295,Yasser Desai,Gold
350,Aashiq Banaya Aapne,Bollywood,Pop,336,"Himesh Reshammiya, Shreya Ghoshal",Aashiq Banaya Aapne
351,Chahun Main Ya Na,Bollywood,Pop,312,"Arijit Singh, Palak Muchhal",Aashiqui 2
352,Moh Moh Ke Dhaage,Bollywood,Folk,339,"Papon, Monali Thakur",Dum Laga Ke Haisha
353,Tera Ghata,Bollywood,Indie Pop,259,Gajendra Verma,From Lost To Found
354,Muskurane,Bollywood,Folk,324,Arijit Singh,Citylights
355,Tose Naina,Bollywood,Indie Pop,323,Arijit Singh,Mickey Virus
356,O Saathi,Bollywood,Folk,224,Atif Aslam,Baaghi 2
357,Teri Yaadon Mein,Bollywood,Pop,291,KK,The Killer
358,Nainowale Ne,Bollywood,Folk,230,Neeti Mohan,Padmaavat
359,Kabira,Bollywood,Folk,229,"Arijit Singh, Harshdeep Kaur",Yeh Jawaani Hai Deewani
360,Raabta,Bollywood,Folk,322,Arijit Singh,Agent Vinod
361,Dil Diyan Gallan,Bollywood,Folk,273,Atif Aslam,Tiger Zinda Hai
362,Namo Namo,Bollywood,Devotional,296,Amit Trivedi,Kedarnath
363,Qaafirana,Bollywood,Folk,345,"Arijit Singh, Nikhita Gandhi",Kedarnath
364,Daryaa,Bollywood,Folk,289,"Ammy Virk, Shahid Mallya",Manmarziyaan
365,Ae Watan (Male),Bollywood,Patriotic,275,Arijit Singh,Raazi
366,Samjhawan,Bollywood,Indie Pop,262,"Arijit Singh, Shreya Ghoshal",Humpty Sharma Ki Dulhania
367,Tera Ban Jaunga,Bollywood,Romantic,227,"Akhil Sachdeva, Tulsi Kumar",Kabir Singh
368,Hasi,Bollywood,Soul,303,Ami Mishra,Hamari Adhuri Kahani
369,Kyun Rabba,Bollywood,Folk,251,Armaan Malik,Badla
370,Bavra Mann,Bollywood,Indie Pop,222,Jubin Nautiyal,Haseena Parkar
371,Galliyan,Bollywood,Pop Rock,310,Ankit Tiwari,Ek Villain
372,Tum Hi Ho,Bollywood,R&B,320,Arijit Singh,Aashiqui 2
373,Laal Ishq,Bollywood,Sufi,383,Arijit Singh,Goliyon Ki Raasleela Ram-Leela
374,Tum Se Hi,Bollywood,Indie Pop,324,Mohit Chauhan,Jab We Met
375,Agar Tum Saath Ho,Bollywood,Soul,332,"Arijit Singh, Alka Yagnik",Tamasha
376,Khairiyat,Bollywood,Pop,261,Arijit Singh,Chhichhore
377,Nazm Nazm,Bollywood,Indie Pop,212,Arko,Bareilly Ki Barfi
378,Channa Mereya,Bollywood,Folk,282,Arijit Singh,Ae Dil Hai Mushkil
379,Gerua,Bollywood,Fusion,329,Arijit Singh,Dilwale
380,Kaun Tujhe,Bollywood,Indie Pop,237,Palak Muchhal,M.S. Dhoni: The Untold Story
381,Zaalima,Bollywood,Folk,349,"Arijit Singh, Harshdeep Kaur",Raees
382,Ae Watan,Bollywood,Patriotic,281,Arijit Singh,Raazi
383,Tere Sang Yaara,Bollywood,Indie Pop,260,Atif Aslam,Rustom
384,Janam Janam,Bollywood,Fusion,247,"Arijit Singh, Antara Mitra",Dilwale
385,Enna Sona,Bollywood,Folk,197,Arijit Singh,OK Jaanu
386,Bol Do Na Zara,Bollywood,Indie Pop,247,Armaan Malik,Azhar
387,Maiyya Yashoda,Bollywood,Indie Pop,356,"Alka Yagnik, Anuradha Paudwal",Hum Saath-Saath Hain
388,Tere Liye,Bollywood,Romantic,344,"Mohit Chauhan, Shreya Ghoshal",Veera Di Wedding
389,Kabhi Jo Badal Barse,Bollywood,Pop,276,Arijit Singh,Jackpot
390,Sapna Jahan,Bollywood,Folk,342,"Sonu Nigam, Neeti Mohan",Brothers
391,Phir Le Aaya Dil,Bollywood,Sufi,375,Arijit Singh,Barfi!
392,Maahi Ve,Bollywood,Sufi,367,Sadha Sargam,Kaante
393,Sunn Raha Hai,Bollywood,Indie Pop,380,Ankit Tiwari,Aashiqui 2
394,Dekha Ek Khwab,Bollywood,Indie Pop,322,Shreya Ghoshal,Silsila
395,Tum Mile,Bollywood,Indie Pop,327,Neeraj Shridhar,Tum Mile
396,Raabta,Bollywood,Folk,322,Arijit Singh,Agent Vinod
397,Dheere Dheere,Bollywood,Pop,340,Yo Yo Honey Singh,Single
398,Bakhuda Tumhi Ho,Bollywood,Indie Pop,297,"Atif Aslam, Alka Yagnik",Kismat Konnection
399,Pee Loon,Bollywood,Indie Pop,304,Mohit Chauhan,Once Upon a Time in Mumbaai
400,Mann Mera,Bollywood,Indie Pop,256,Gajendra Verma,Table No. 21
401,Jeene Laga Hoon,Bollywood,Pop,239,"Atif Aslam, Shreya Ghoshal",Ramaiya Vastavaiya
402,Ranjha,Bollywood,Folk,283,Shilpa Rao,Queen
403,Tu Hai Ki Nahi,Bollywood,Pop,275,Ankit Tiwari,Roy
404,Teri Ore,Bollywood,Romantic,352,"Rahat Fateh Ali Khan, Shreya Ghoshal",Singh Is Kinng
405,O Re Piya,Bollywood,Sufi,357,Rahat Fateh Ali Khan,Aaja Nachle
406,Tujhe Bhula Diya,Bollywood,Pop,410,"Mohit Chauhan, Shekhar Ravjiani",Anjaana Anjaani
407,Teri Meri,Bollywood,Indie Pop,320,"Rahat Fateh Ali Khan, Shreya Ghoshal",Bodyguard
408,Dil Kyun Yeh Mera,Bollywood,Indie Pop,320,KK,Kites
409,Humnava,Bollywood,Folk,339,Papon,Hamari Adhuri Kahani
410,Tera Ban Jaunga,Bollywood,Romantic,227,"Akhil Sachdeva, Tulsi Kumar",Kabir Singh
411,Khaab,Bollywood,Indie Pop,281,Akhil,Single
412,Tera Hone Laga Hoon,Bollywood,Romantic,304,"Atif Aslam, Alisha Chinai",Ajab Prem Ki Ghazab Kahani
413,Hawayein,Bollywood,Romantic,296,Arijit Singh,Jab Harry Met Sejal
414,Iktara,Bollywood,Indie Pop,288,"Kavita Seth, Amitabh Bhattacharya",Wake Up Sid
415,Mere Bina,Bollywood,Indie Pop,378,Nikhil D'Souza,Crook
416,Naino Ne Baandhi,Bollywood,Folk,295,Yasser Desai,Gold
417,Aashiq Banaya Aapne,Bollywood,Pop,336,"Himesh Reshammiya, Shreya Ghoshal",Aashiq Banaya Aapne
418,Chahun Main Ya Na,Bollywood,Pop,312,"Arijit Singh, Palak Muchhal",Aashiqui 2
419,Moh Moh Ke Dhaage,Bollywood,Folk,339,"Papon, Monali Thakur",Dum Laga Ke Haisha
420,Tera Ghata,Bollywood,Indie Pop,259,Gajendra Verma,From Lost To Found
421,Muskurane,Bollywood,Folk,324,Arijit Singh,Citylights
422,Tose Naina,Bollywood,Indie Pop,323,Arijit Singh,Mickey Virus
423,O Saathi,Bollywood,Folk,224,Atif Aslam,Baaghi 2
424,Teri Yaadon Mein,Bollywood,Pop,291,KK,The Killer
425,Nainowale Ne,Bollywood,Folk,230,Neeti Mohan,Padmaavat
426,Kabira,Bollywood,Folk,229,"Arijit Singh, Harshdeep Kaur",Yeh Jawaani Hai Deewani
427,Raabta,Bollywood,Folk,322,Arijit Singh,Agent Vinod
428,Dil Diyan Gallan,Bollywood,Folk,273,Atif Aslam,Tiger Zinda Hai
429,Namo Namo,Bollywood,Devotional,296,Amit Trivedi,Kedarnath
430,Qaafirana,Bollywood,Folk,345,"Arijit Singh, Nikhita Gandhi",Kedarnath
431,Daryaa,Bollywood,Folk,289,"Ammy Virk, Shahid Mallya",Manmarziyaan
432,Ae Watan (Male),Bollywood,Patriotic,275,Arijit Singh,Raazi
433,Samjhawan,Bollywood,Indie Pop,262,"Arijit Singh, Shreya Ghoshal",Humpty Sharma Ki Dulhania
434,Tera Ban Jaunga,Bollywood,Romantic,227,"Akhil Sachdeva, Tulsi Kumar",Kabir Singh
435,Hasi,Bollywood,Soul,303,Ami Mishra,Hamari Adhuri Kahani
436,Kyun Rabba,Bollywood,Folk,251,Armaan Malik,Badla
437,Bavra Mann,Bollywood,Indie Pop,222,Jubin Nautiyal,Haseena Parkar
438,Galliyan,Bollywood,Pop Rock,310,Ankit Tiwari,Ek Villain
439,Tum Hi Ho,Bollywood,R&B,320,Arijit Singh,Aashiqui 2
440,Laal Ishq,Bollywood,Sufi,383,Arijit Singh,Goliyon Ki Raasleela Ram-Leela
441,Tum Se Hi,Bollywood,Indie Pop,324,Mohit Chauhan,Jab We Met
442,Agar Tum Saath Ho,Bollywood,Soul,332,"Arijit Singh, Alka Yagnik",Tamasha
443,Khairiyat,Bollywood,Pop,261,Arijit Singh,Chhichhore
444,Nazm Nazm,Bollywood,Indie Pop,212,Arko,Bareilly Ki Barfi
445,Channa Mereya,Bollywood,Folk,282,Arijit Singh,Ae Dil Hai Mushkil
446,Gerua,Bollywood,Fusion,329,Arijit Singh,Dilwale
447,Kaun Tujhe,Bollywood,Indie Pop,237,Palak Muchhal,M.S. Dhoni: The Untold Story
448,Zaalima,Bollywood,Folk,349,"Arijit Singh, Harshdeep Kaur",Raees
449,Ae Watan,Bollywood,Patriotic,281,Arijit Singh,Raazi
450,Tere Sang Yaara,Bollywood,Indie Pop,260,Atif Aslam,Rustom
451,Janam Janam,Bollywood,Fusion,247,"Arijit Singh, Antara Mitra",Dilwale
452,Enna Sona,Bollywood,Folk,197,Arijit Singh,OK Jaanu
453,Bol Do Na Zara,Bollywood,Indie Pop,247,Armaan Malik,Azhar
454,Maiyya Yashoda,Bollywood,Indie Pop,356,"Alka Yagnik, Anuradha Paudwal",Hum Saath-Saath Hain
455,Tere Liye,Bollywood,Romantic,344,"Mohit Chauhan, Shreya Ghoshal",Veera Di Wedding
456,Kabhi Jo Badal Barse,Bollywood,Pop,276,Arijit Singh,Jackpot
457,Sapna Jahan,Bollywood,Folk,342,"Sonu Nigam, Neeti Mohan",Brothers
458,Phir Le Aaya Dil,Bollywood,Sufi,375,Arijit Singh,Barfi!
459,Maahi Ve,Bollywood,Sufi,367,Sadha Sargam,Kaante
460,Sunn Raha Hai,Bollywood,Indie Pop,380,Ankit Tiwari,Aashiqui 2
461,Dekha Ek Khwab,Bollywood,Indie Pop,322,Shreya Ghoshal,Silsila
462,Tum Mile,Bollywood,Indie Pop,327,Neeraj Shridhar,Tum Mile
463,Raabta,Bollywood,Folk,322,Arijit Singh,Agent Vinod
464,Dheere Dheere,Bollywood,Pop,340,Yo Yo Honey Singh,Single
465,Bakhuda Tumhi Ho,Bollywood,Indie Pop,297,"Atif Aslam, Alka Yagnik",Kismat Konnection
466,Pee Loon,Bollywood,Indie Pop,304,Mohit Chauhan,Once Upon a Time in Mumbaai
467,Mann Mera,Bollywood,Indie Pop,256,Gajendra Verma,Table No. 21
468,Jeene Laga Hoon,Bollywood,Pop,239,"Atif Aslam, Shreya Ghoshal",Ramaiya Vastavaiya
469,Ranjha,Bollywood,Folk,283,Shilpa Rao,Queen
470,Tu Hai Ki Nahi,Bollywood,Pop,275,Ankit Tiwari,Roy
471,Teri Ore,Bollywood,Romantic,352,"Rahat Fateh Ali Khan, Shreya Ghoshal",Singh Is Kinng
472,O Re Piya,Bollywood,Sufi,357,Rahat Fateh Ali Khan,Aaja Nachle
473,Tujhe Bhula Diya,Bollywood,Pop,410,"Mohit Chauhan, Shekhar Ravjiani",Anjaana Anjaani
474,Teri Meri,Bollywood,Indie Pop,320,"Rahat Fateh Ali Khan, Shreya Ghoshal",Bodyguard
475,Dil Kyun Yeh Mera,Bollywood,Indie Pop,320,KK,Kites
476,Humnava,Bollywood,Folk,339,Papon,Hamari Adhuri Kahani
477,Tera Ban Jaunga,Bollywood,Romantic,227,"Akhil Sachdeva, Tulsi Kumar",Kabir Singh
478,Khaab,Bollywood,Indie Pop,281,Akhil,Single
479,Tera Hone Laga Hoon,Bollywood,Romantic,304,"Atif Aslam, Alisha Chinai",Ajab Prem Ki Ghazab Kahani
480,Hawayein,Bollywood,Romantic,296,Arijit Singh,Jab Harry Met Sejal
481,Iktara,Bollywood,Indie Pop,288,"Kavita Seth, Amitabh Bhattacharya",Wake Up Sid
482,Mere Bina,Bollywood,Indie Pop,378,Nikhil D'Souza,Crook
483,Naino Ne Baandhi,Bollywood,Folk,295,Yasser Desai,Gold
484,Aashiq Banaya Aapne,Bollywood,Pop,336,"Himesh Reshammiya, Shreya Ghoshal",Aashiq Banaya Aapne
485,Chahun Main Ya Na,Bollywood,Pop,312,"Arijit Singh, Palak Muchhal",Aashiqui 2
486,Moh Moh Ke Dhaage,Bollywood,Folk,339,"Papon, Monali Thakur",Dum Laga Ke Haisha
487,Tera Ghata,Bollywood,Indie Pop,259,Gajendra Verma,From Lost To Found
488,Muskurane,Bollywood,Folk,324,Arijit Singh,Citylights
489,Tose Naina,Bollywood,Indie Pop,323,Arijit Singh,Mickey Virus
490,O Saathi,Bollywood,Folk,224,Atif Aslam,Baaghi 2
491,Teri Yaadon Mein,Bollywood,Pop,291,KK,The Killer
492,Nainowale Ne,Bollywood,Folk,230,Neeti Mohan,Padmaavat
493,Kabira,Bollywood,Folk,229,"Arijit Singh, Harshdeep Kaur",Yeh Jawaani Hai Deewani
494,Raabta,Bollywood,Folk,322,Arijit Singh,Agent Vinod
495,Dil Diyan Gallan,Bollywood,Folk,273,Atif Aslam,Tiger Zinda Hai
496,Namo Namo,Bollywood,Devotional,296,Amit Trivedi,Kedarnath
497,Qaafirana,Bollywood,Folk,345,"Arijit Singh, Nikhita Gandhi",Kedarnath
498,Daryaa,Bollywood,Folk,289,"Ammy Virk, Shahid Mallya",Manmarziyaan
499,Ae Watan (Male),Bollywood,Patriotic,275,Arijit Singh,Raazi
500,Samjhawan,Bollywood,Indie Pop,262,"Arijit Singh, Shreya Ghoshal",Humpty Sharma Ki Dulhania
